{
  "total_points": 8640,
  "p50_gbps": 14.16027974243916,
  "p95_gbps": 20.921871205496128,
  "p99_gbps": 23.13495525815426,
  "max_gbps": 24.531814924985905,
  "min_gbps": 7.176266511515562,
  "avg_gbps": 14.360866918357827,
  "total_flux_tb": 4543.868048386656
}